{
    "Sample": {
      "Title": "Acquire a token and call Microsoft Graph API from a console app using app's identity",
      "Level": 300,
      "Client": "Python"
    },
    "AppRegistrations": [
      {
        "x-ms-id": "ms-identity-python-daemon",
        "x-ms-name": "python-daemon",
        "x-ms-version": "2.0",
        "passwordCredentials": [
          {
            "value": "{auto}"
          }
        ],
        "requiredResourceAccess": [
          {
            "x-ms-resourceAppName": "Microsoft Graph",
            "resourceAppId": "00000003-0000-0000-c000-000000000000",
            "resourceAccess": [
              {
                "id": "e1fe6dd8-ba31-4d61-89e7-88639da4683d",
                "type": "Scope",
                "x-ms-name": "User.Read"
              }
            ]
          },
          {
            "x-ms-resourceAppName": "Microsoft Graph",
            "resourceAppId": "00000003-0000-0000-c000-000000000000",
            "resourceAccess": [
              {
                "id": "df021288-bdef-4463-88db-98f22de89214",
                "type": "Role",
                "x-ms-name": "User.Read.All"
              }
            ]
          }
        ],
       "codeConfigurations": [	
        {
		      "settingFile": "/1-Call-MsGraph-WithSecret/parameters.json", 
		      "replaceTokens": {
             "appId": "your_client_id",
             "tenantId": "Enter_the_Tenant_Name_Here",
             "clientSecret": "The secret generated by AAD during your confidential app registration",
             "authorityEndpointHost": "https://login.microsoftonline.com/",
             "msgraphEndpointHost": "https://graph.microsoft.com/"
			    }
        }
       ]	
      }
    ]
  }
