{
  "Sample": {
    "Title": "A Python simple daemon console application calling the graph with its own identity (client secret variation)",
    "Level": 200,
    "Client": "Python",
    "Service": "Microsoft Graph",
    "RepositoryUrl": "ms-identity-python-daemon",
    "Endpoint": "AAD v2.0"
  },

  /*
    This section describes the Azure AD Applications to configure, and their dependencies
  */
  "AADApps": [    
    {
      "Id": "client",
      "Name": "python-daemon-console",
      "Kind": "Daemon",
      "Audience": "AzureADMyOrg",      
      "PasswordCredentials": "Auto",
      "UsesROPCOrIWA": false,
      "ReplyUrls": "https://daemon",
      "RequiredResourcesAccess": [
        {
          "Resource": "Microsoft Graph",
          "ApplicationPermissions": [ "User.Read.All" ]
        }
      ],
      "ManualSteps": [
        {
          "Comment" :  "Navigate to the API permissions page and click on 'Grant admin consent for {tenant}'"
        }
      ] 
    }
  ],

  /*
    This section describes how to update the code in configuration files from the apps coordinates, once the apps
    are created in Azure AD.
    Each section describes a configuration file, for one of the apps, it's type (XML, JSon, plain text), its location
    with respect to the root of the sample, and the mappping (which string in the config file is mapped to which value
  */
  "CodeConfiguration": [
    {
      "App": "client",
      "SettingKind": "JSon",
      "SettingFile": "\\..\\parameters.json",
      "Mappings": [
        {
          "key": "client_id",
          "value": ".AppId"
        },
        {
          "key": "secret",
          "value": ".AppKey"
        }
      ]
    },
    {
      "App": "client",
      "SettingKind": "Replace",
      "SettingFile": "\\..\\parameters.json",
      "Mappings": [
        {
          "key": "Enter_the_Tenant_Name_Here",
          "value": "$tenantName"
        }
      ]
    }
  ]
}
